file_name,file_extension,file_size,last_modified_date,tag,label
business_1,.txt,849,2020/6/8 15:16,business,business
business_10,.txt,1586,2020/6/8 15:16,business,business
business_100,.txt,1051,2020/6/8 15:16,business,business
business_11,.txt,3495,2020/6/8 15:16,business,business
business_12,.txt,1667,2020/6/8 15:16,business,business
business_13,.txt,1704,2020/6/8 15:16,business,business
business_14,.txt,1599,2020/6/8 15:16,business,business
business_15,.txt,1393,2020/6/8 15:16,business,business
business_16,.txt,1797,2020/6/8 15:16,business,business
business_17,.txt,1542,2020/6/8 15:16,business,business
business_18,.txt,1350,2020/6/8 15:16,business,business
business_19,.txt,1286,2020/6/8 15:16,business,business
business_2,.txt,1636,2020/6/8 15:16,business,business
business_20,.txt,2196,2020/6/8 15:16,business,business
business_21,.txt,1631,2020/6/8 15:16,business,business
business_22,.txt,1002,2020/6/8 15:16,business,business
business_23,.txt,2082,2020/6/8 15:16,business,business
business_24,.txt,2774,2020/6/8 15:16,business,business
business_25,.txt,1621,2020/6/8 15:16,business,business
business_26,.txt,4603,2020/6/8 15:16,business,business
business_27,.txt,1991,2020/6/8 15:16,business,business
business_28,.txt,2445,2020/6/8 15:16,business,business
business_29,.txt,2527,2020/6/8 15:16,business,business
business_3,.txt,2076,2020/6/8 15:16,business,business
business_30,.txt,3854,2020/6/8 15:16,business,business
business_31,.txt,1764,2020/6/8 15:16,business,business
business_32,.txt,1711,2020/6/8 15:16,business,business
business_33,.txt,1933,2020/6/8 15:16,business,business
business_34,.txt,1379,2020/6/8 15:16,business,business
business_35,.txt,1205,2020/6/8 15:16,business,business
business_36,.txt,908,2020/6/8 15:16,business,business
business_37,.txt,1903,2020/6/8 15:16,business,business
business_38,.txt,1385,2020/6/8 15:16,business,business
business_39,.txt,2885,2020/6/8 15:16,business,business
business_4,.txt,1251,2020/6/8 15:16,business,business
business_40,.txt,1540,2020/6/8 15:16,business,business
business_41,.txt,1829,2020/6/8 15:16,business,business
business_42,.txt,3430,2020/6/8 15:16,business,business
business_43,.txt,2860,2020/6/8 15:16,business,business
business_44,.txt,2857,2020/6/8 15:16,business,business
business_45,.txt,1822,2020/6/8 15:16,business,business
business_46,.txt,2519,2020/6/8 15:16,business,business
business_47,.txt,1048,2020/6/8 15:16,business,business
business_48,.txt,994,2020/6/8 15:16,business,business
business_49,.txt,4492,2020/6/8 15:16,business,business
business_5,.txt,1830,2020/6/8 15:16,business,business
business_50,.txt,2143,2020/6/8 15:16,business,business
business_51,.txt,5357,2020/6/8 15:16,business,business
business_52,.txt,1986,2020/6/8 15:16,business,business
business_53,.txt,2196,2020/6/8 15:16,business,business
business_54,.txt,1609,2020/6/8 15:16,business,business
business_55,.txt,1597,2020/6/8 15:16,business,business
business_56,.txt,2487,2020/6/8 15:16,business,business
business_57,.txt,1291,2020/6/8 15:16,business,business
business_58,.txt,2188,2020/6/8 15:16,business,business
business_59,.txt,915,2020/6/8 15:16,business,business
business_6,.txt,2148,2020/6/8 15:16,business,business
business_60,.txt,1657,2020/6/8 15:16,business,business
business_61,.txt,1990,2020/6/8 15:16,business,business
business_62,.txt,2376,2020/6/8 15:16,business,business
business_63,.txt,1780,2020/6/8 15:16,business,business
business_64,.txt,1478,2020/6/8 15:16,business,business
business_65,.txt,2545,2020/6/8 15:16,business,business
business_66,.txt,4048,2020/6/8 15:16,business,business
business_67,.txt,1167,2020/6/8 15:16,business,business
business_68,.txt,1103,2020/6/8 15:16,business,business
business_69,.txt,2130,2020/6/8 15:16,business,business
business_7,.txt,1950,2020/6/8 15:16,business,business
business_70,.txt,1393,2020/6/8 15:16,business,business
business_71,.txt,1514,2020/6/8 15:16,business,business
business_72,.txt,1517,2020/6/8 15:16,business,business
business_73,.txt,2462,2020/6/8 15:16,business,business
business_74,.txt,1370,2020/6/8 15:16,business,business
business_75,.txt,2010,2020/6/8 15:16,business,business
business_76,.txt,1118,2020/6/8 15:16,business,business
business_77,.txt,2157,2020/6/8 15:16,business,business
business_78,.txt,2412,2020/6/8 15:16,business,business
business_79,.txt,1811,2020/6/8 15:16,business,business
business_8,.txt,1558,2020/6/8 15:16,business,business
business_80,.txt,1575,2020/6/8 15:16,business,business
business_81,.txt,2902,2020/6/8 15:16,business,business
business_82,.txt,2196,2020/6/8 15:16,business,business
business_83,.txt,1602,2020/6/8 15:16,business,business
business_84,.txt,1399,2020/6/8 15:16,business,business
business_85,.txt,1785,2020/6/8 15:16,business,business
business_86,.txt,3413,2020/6/8 15:16,business,business
business_87,.txt,1714,2020/6/8 15:16,business,business
business_88,.txt,1202,2020/6/8 15:16,business,business
business_89,.txt,2401,2020/6/8 15:16,business,business
business_9,.txt,912,2020/6/8 15:16,business,business
business_90,.txt,1377,2020/6/8 15:16,business,business
business_91,.txt,2434,2020/6/8 15:16,business,business
business_92,.txt,2428,2020/6/8 15:16,business,business
business_93,.txt,2015,2020/6/8 15:16,business,business
business_94,.txt,1917,2020/6/8 15:16,business,business
business_95,.txt,2089,2020/6/8 15:16,business,business
business_96,.txt,1828,2020/6/8 15:16,business,business
business_97,.txt,2014,2020/6/8 15:16,business,business
business_98,.txt,1840,2020/6/8 15:16,business,business
business_99,.txt,1730,2020/6/8 15:16,business,business
entertainment_1,.txt,1946,2020/6/8 15:16,entertainment,entertainment
entertainment_10,.txt,1827,2020/6/8 15:16,entertainment,entertainment
entertainment_100,.txt,1251,2020/6/8 15:16,entertainment,entertainment
entertainment_11,.txt,2000,2020/6/8 15:16,entertainment,entertainment
entertainment_12,.txt,1060,2020/6/8 15:16,entertainment,entertainment
entertainment_13,.txt,1497,2020/6/8 15:16,entertainment,entertainment
entertainment_14,.txt,1450,2020/6/8 15:16,entertainment,entertainment
entertainment_15,.txt,950,2020/6/8 15:16,entertainment,entertainment
entertainment_16,.txt,1171,2020/6/8 15:16,entertainment,entertainment
entertainment_17,.txt,2298,2020/6/8 15:16,entertainment,entertainment
entertainment_18,.txt,1530,2020/6/8 15:16,entertainment,entertainment
entertainment_19,.txt,1409,2020/6/8 15:16,entertainment,entertainment
entertainment_2,.txt,1338,2020/6/8 15:16,entertainment,entertainment
entertainment_20,.txt,1269,2020/6/8 15:16,entertainment,entertainment
entertainment_21,.txt,1266,2020/6/8 15:16,entertainment,entertainment
entertainment_22,.txt,1166,2020/6/8 15:16,entertainment,entertainment
entertainment_23,.txt,935,2020/6/8 15:16,entertainment,entertainment
entertainment_24,.txt,1466,2020/6/8 15:16,entertainment,entertainment
entertainment_25,.txt,2578,2020/6/8 15:16,entertainment,entertainment
entertainment_26,.txt,1065,2020/6/8 15:16,entertainment,entertainment
entertainment_27,.txt,1460,2020/6/8 15:16,entertainment,entertainment
entertainment_28,.txt,3289,2020/6/8 15:16,entertainment,entertainment
entertainment_29,.txt,1343,2020/6/8 15:16,entertainment,entertainment
entertainment_3,.txt,1354,2020/6/8 15:16,entertainment,entertainment
entertainment_30,.txt,1783,2020/6/8 15:16,entertainment,entertainment
entertainment_31,.txt,1503,2020/6/8 15:16,entertainment,entertainment
entertainment_32,.txt,947,2020/6/8 15:16,entertainment,entertainment
entertainment_33,.txt,1497,2020/6/8 15:16,entertainment,entertainment
entertainment_34,.txt,1179,2020/6/8 15:16,entertainment,entertainment
entertainment_35,.txt,1649,2020/6/8 15:16,entertainment,entertainment
entertainment_36,.txt,2520,2020/6/8 15:16,entertainment,entertainment
entertainment_37,.txt,1345,2020/6/8 15:16,entertainment,entertainment
entertainment_38,.txt,1646,2020/6/8 15:16,entertainment,entertainment
entertainment_39,.txt,1279,2020/6/8 15:16,entertainment,entertainment
entertainment_4,.txt,1238,2020/6/8 15:16,entertainment,entertainment
entertainment_40,.txt,1838,2020/6/8 15:16,entertainment,entertainment
entertainment_41,.txt,1787,2020/6/8 15:16,entertainment,entertainment
entertainment_42,.txt,2306,2020/6/8 15:16,entertainment,entertainment
entertainment_43,.txt,1306,2020/6/8 15:16,entertainment,entertainment
entertainment_44,.txt,1228,2020/6/8 15:16,entertainment,entertainment
entertainment_45,.txt,1421,2020/6/8 15:16,entertainment,entertainment
entertainment_46,.txt,1143,2020/6/8 15:16,entertainment,entertainment
entertainment_47,.txt,1081,2020/6/8 15:16,entertainment,entertainment
entertainment_48,.txt,1787,2020/6/8 15:16,entertainment,entertainment
entertainment_49,.txt,3926,2020/6/8 15:16,entertainment,entertainment
entertainment_5,.txt,1273,2020/6/8 15:16,entertainment,entertainment
entertainment_50,.txt,1577,2020/6/8 15:16,entertainment,entertainment
entertainment_51,.txt,4497,2020/6/8 15:16,entertainment,entertainment
entertainment_52,.txt,1324,2020/6/8 15:16,entertainment,entertainment
entertainment_53,.txt,3114,2020/6/8 15:16,entertainment,entertainment
entertainment_54,.txt,1650,2020/6/8 15:16,entertainment,entertainment
entertainment_55,.txt,1738,2020/6/8 15:16,entertainment,entertainment
entertainment_56,.txt,1119,2020/6/8 15:16,entertainment,entertainment
entertainment_57,.txt,1318,2020/6/8 15:16,entertainment,entertainment
entertainment_58,.txt,1447,2020/6/8 15:16,entertainment,entertainment
entertainment_59,.txt,1081,2020/6/8 15:16,entertainment,entertainment
entertainment_6,.txt,1457,2020/6/8 15:16,entertainment,entertainment
entertainment_60,.txt,1353,2020/6/8 15:16,entertainment,entertainment
entertainment_61,.txt,1773,2020/6/8 15:16,entertainment,entertainment
entertainment_62,.txt,956,2020/6/8 15:16,entertainment,entertainment
entertainment_63,.txt,1361,2020/6/8 15:16,entertainment,entertainment
entertainment_64,.txt,3578,2020/6/8 15:16,entertainment,entertainment
entertainment_65,.txt,1876,2020/6/8 15:16,entertainment,entertainment
entertainment_66,.txt,1526,2020/6/8 15:16,entertainment,entertainment
entertainment_67,.txt,3092,2020/6/8 15:16,entertainment,entertainment
entertainment_68,.txt,969,2020/6/8 15:16,entertainment,entertainment
entertainment_69,.txt,1314,2020/6/8 15:16,entertainment,entertainment
entertainment_7,.txt,2636,2020/6/8 15:16,entertainment,entertainment
entertainment_70,.txt,2697,2020/6/8 15:16,entertainment,entertainment
entertainment_71,.txt,3802,2020/6/8 15:16,entertainment,entertainment
entertainment_72,.txt,1468,2020/6/8 15:16,entertainment,entertainment
entertainment_73,.txt,1303,2020/6/8 15:16,entertainment,entertainment
entertainment_74,.txt,1228,2020/6/8 15:16,entertainment,entertainment
entertainment_75,.txt,1077,2020/6/8 15:16,entertainment,entertainment
entertainment_76,.txt,1692,2020/6/8 15:16,entertainment,entertainment
entertainment_77,.txt,1601,2020/6/8 15:16,entertainment,entertainment
entertainment_78,.txt,1275,2020/6/8 15:16,entertainment,entertainment
entertainment_79,.txt,1258,2020/6/8 15:16,entertainment,entertainment
entertainment_8,.txt,1209,2020/6/8 15:16,entertainment,entertainment
entertainment_80,.txt,1923,2020/6/8 15:16,entertainment,entertainment
entertainment_81,.txt,1364,2020/6/8 15:16,entertainment,entertainment
entertainment_82,.txt,1338,2020/6/8 15:16,entertainment,entertainment
entertainment_83,.txt,1396,2020/6/8 15:16,entertainment,entertainment
entertainment_84,.txt,2228,2020/6/8 15:16,entertainment,entertainment
entertainment_85,.txt,1377,2020/6/8 15:16,entertainment,entertainment
entertainment_86,.txt,1603,2020/6/8 15:16,entertainment,entertainment
entertainment_87,.txt,1235,2020/6/8 15:16,entertainment,entertainment
entertainment_88,.txt,2791,2020/6/8 15:16,entertainment,entertainment
entertainment_89,.txt,2533,2020/6/8 15:16,entertainment,entertainment
entertainment_9,.txt,1051,2020/6/8 15:16,entertainment,entertainment
entertainment_90,.txt,1510,2020/6/8 15:16,entertainment,entertainment
entertainment_91,.txt,1750,2020/6/8 15:16,entertainment,entertainment
entertainment_92,.txt,2613,2020/6/8 15:16,entertainment,entertainment
entertainment_93,.txt,1996,2020/6/8 15:16,entertainment,entertainment
entertainment_94,.txt,1556,2020/6/8 15:16,entertainment,entertainment
entertainment_95,.txt,2988,2020/6/8 15:16,entertainment,entertainment
entertainment_96,.txt,1644,2020/6/8 15:16,entertainment,entertainment
entertainment_97,.txt,1184,2020/6/8 15:16,entertainment,entertainment
entertainment_98,.txt,1980,2020/6/8 15:16,entertainment,entertainment
entertainment_99,.txt,1131,2020/6/8 15:16,entertainment,entertainment
food_1,.txt,1760,2020/6/8 15:16,food,food
food_10,.txt,1488,2020/6/8 15:16,food,food
food_100,.txt,1499,2020/6/8 15:16,food,food
food_11,.txt,1270,2020/6/8 15:16,food,food
food_12,.txt,2800,2020/6/8 15:16,food,food
food_13,.txt,996,2020/6/8 15:16,food,food
food_14,.txt,1336,2020/6/8 15:16,food,food
food_15,.txt,1504,2020/6/8 15:16,food,food
food_16,.txt,1784,2020/6/8 15:16,food,food
food_17,.txt,1586,2020/6/8 15:16,food,food
food_18,.txt,1517,2020/6/8 15:16,food,food
food_19,.txt,1076,2020/6/8 15:16,food,food
food_2,.txt,1256,2020/6/8 15:16,food,food
food_20,.txt,1280,2020/6/8 15:16,food,food
food_21,.txt,1176,2020/6/8 15:16,food,food
food_22,.txt,1834,2020/6/8 15:16,food,food
food_23,.txt,1051,2020/6/8 15:16,food,food
food_24,.txt,1037,2020/6/8 15:16,food,food
food_25,.txt,1395,2020/6/8 15:16,food,food
food_26,.txt,791,2020/6/8 15:16,food,food
food_27,.txt,838,2020/6/8 15:16,food,food
food_28,.txt,1094,2020/6/8 15:16,food,food
food_29,.txt,1004,2020/6/8 15:16,food,food
food_3,.txt,1791,2020/6/8 15:16,food,food
food_30,.txt,1737,2020/6/8 15:16,food,food
food_31,.txt,1996,2020/6/8 15:16,food,food
food_32,.txt,718,2020/6/8 15:16,food,food
food_33,.txt,991,2020/6/8 15:16,food,food
food_34,.txt,1131,2020/6/8 15:16,food,food
food_35,.txt,873,2020/6/8 15:16,food,food
food_36,.txt,1066,2020/6/8 15:16,food,food
food_37,.txt,1371,2020/6/8 15:16,food,food
food_38,.txt,1450,2020/6/8 15:16,food,food
food_39,.txt,1013,2020/6/8 15:16,food,food
food_4,.txt,1455,2020/6/8 15:16,food,food
food_40,.txt,1179,2020/6/8 15:16,food,food
food_41,.txt,784,2020/6/8 15:16,food,food
food_42,.txt,977,2020/6/8 15:16,food,food
food_43,.txt,912,2020/6/8 15:16,food,food
food_44,.txt,888,2020/6/8 15:16,food,food
food_45,.txt,1315,2020/6/8 15:16,food,food
food_46,.txt,875,2020/6/8 15:16,food,food
food_47,.txt,1588,2020/6/8 15:16,food,food
food_48,.txt,1601,2020/6/8 15:16,food,food
food_49,.txt,1580,2020/6/8 15:16,food,food
food_5,.txt,903,2020/6/8 15:16,food,food
food_50,.txt,1166,2020/6/8 15:16,food,food
food_51,.txt,1279,2020/6/8 15:16,food,food
food_52,.txt,973,2020/6/8 15:16,food,food
food_53,.txt,1088,2020/6/8 15:16,food,food
food_54,.txt,908,2020/6/8 15:16,food,food
food_55,.txt,1547,2020/6/8 15:16,food,food
food_56,.txt,1461,2020/6/8 15:16,food,food
food_57,.txt,1033,2020/6/8 15:16,food,food
food_58,.txt,1522,2020/6/8 15:16,food,food
food_59,.txt,1130,2020/6/8 15:16,food,food
food_6,.txt,1459,2020/6/8 15:16,food,food
food_60,.txt,906,2020/6/8 15:16,food,food
food_61,.txt,1488,2020/6/8 15:16,food,food
food_62,.txt,1928,2020/6/8 15:16,food,food
food_63,.txt,2209,2020/6/8 15:16,food,food
food_64,.txt,1748,2020/6/8 15:16,food,food
food_65,.txt,1295,2020/6/8 15:16,food,food
food_66,.txt,1251,2020/6/8 15:16,food,food
food_67,.txt,1785,2020/6/8 15:16,food,food
food_68,.txt,1418,2020/6/8 15:16,food,food
food_69,.txt,1095,2020/6/8 15:16,food,food
food_7,.txt,1450,2020/6/8 15:16,food,food
food_70,.txt,2383,2020/6/8 15:16,food,food
food_71,.txt,1519,2020/6/8 15:16,food,food
food_72,.txt,1783,2020/6/8 15:16,food,food
food_73,.txt,723,2020/6/8 15:16,food,food
food_74,.txt,1451,2020/6/8 15:16,food,food
food_75,.txt,1653,2020/6/8 15:16,food,food
food_76,.txt,1591,2020/6/8 15:16,food,food
food_77,.txt,1113,2020/6/8 15:16,food,food
food_78,.txt,919,2020/6/8 15:16,food,food
food_79,.txt,1223,2020/6/8 15:16,food,food
food_8,.txt,2286,2020/6/8 15:16,food,food
food_80,.txt,1556,2020/6/8 15:16,food,food
food_81,.txt,1606,2020/6/8 15:16,food,food
food_82,.txt,2271,2020/6/8 15:16,food,food
food_83,.txt,1706,2020/6/8 15:16,food,food
food_84,.txt,1666,2020/6/8 15:16,food,food
food_85,.txt,1480,2020/6/8 15:16,food,food
food_86,.txt,3641,2020/6/8 15:16,food,food
food_87,.txt,2691,2020/6/8 15:16,food,food
food_88,.txt,2027,2020/6/8 15:16,food,food
food_89,.txt,2392,2020/6/8 15:16,food,food
food_9,.txt,1206,2020/6/8 15:16,food,food
food_90,.txt,2512,2020/6/8 15:16,food,food
food_91,.txt,2147,2020/6/8 15:16,food,food
food_92,.txt,1447,2020/6/8 15:16,food,food
food_93,.txt,1132,2020/6/8 15:16,food,food
food_94,.txt,1297,2020/6/8 15:16,food,food
food_95,.txt,1341,2020/6/8 15:16,food,food
food_96,.txt,2047,2020/6/8 15:16,food,food
food_97,.txt,1767,2020/6/8 15:16,food,food
food_98,.txt,1481,2020/6/8 15:16,food,food
food_99,.txt,1736,2020/6/8 15:16,food,food
graphics_1,.txt,2196,2020/6/8 15:16,graphics,graphics
graphics_10,.txt,771,2020/6/8 15:16,graphics,graphics
graphics_100,.txt,543,2020/6/8 15:16,graphics,graphics
graphics_11,.txt,2319,2020/6/8 15:16,graphics,graphics
graphics_12,.txt,765,2020/6/8 15:16,graphics,graphics
graphics_13,.txt,811,2020/6/8 15:16,graphics,graphics
graphics_14,.txt,595,2020/6/8 15:16,graphics,graphics
graphics_15,.txt,1718,2020/6/8 15:16,graphics,graphics
graphics_16,.txt,1663,2020/6/8 15:16,graphics,graphics
graphics_17,.txt,1323,2020/6/8 15:16,graphics,graphics
graphics_18,.txt,295,2020/6/8 15:16,graphics,graphics
graphics_19,.txt,611,2020/6/8 15:16,graphics,graphics
graphics_2,.txt,1315,2020/6/8 15:16,graphics,graphics
graphics_20,.txt,1563,2020/6/8 15:16,graphics,graphics
graphics_21,.txt,782,2020/6/8 15:16,graphics,graphics
graphics_22,.txt,280,2020/6/8 15:16,graphics,graphics
graphics_23,.txt,462,2020/6/8 15:16,graphics,graphics
graphics_24,.txt,1735,2020/6/8 15:16,graphics,graphics
graphics_25,.txt,170,2020/6/8 15:16,graphics,graphics
graphics_26,.txt,1510,2020/6/8 15:16,graphics,graphics
graphics_27,.txt,1319,2020/6/8 15:16,graphics,graphics
graphics_28,.txt,1397,2020/6/8 15:16,graphics,graphics
graphics_29,.txt,2708,2020/6/8 15:16,graphics,graphics
graphics_3,.txt,1546,2020/6/8 15:16,graphics,graphics
graphics_30,.txt,860,2020/6/8 15:16,graphics,graphics
graphics_31,.txt,401,2020/6/8 15:16,graphics,graphics
graphics_32,.txt,1055,2020/6/8 15:16,graphics,graphics
graphics_33,.txt,1716,2020/6/8 15:16,graphics,graphics
graphics_34,.txt,537,2020/6/8 15:16,graphics,graphics
graphics_35,.txt,2158,2020/6/8 15:16,graphics,graphics
graphics_36,.txt,1000,2020/6/8 15:16,graphics,graphics
graphics_37,.txt,1765,2020/6/8 15:16,graphics,graphics
graphics_38,.txt,1552,2020/6/8 15:16,graphics,graphics
graphics_39,.txt,1543,2020/6/8 15:16,graphics,graphics
graphics_4,.txt,769,2020/6/8 15:16,graphics,graphics
graphics_40,.txt,2201,2020/6/8 15:16,graphics,graphics
graphics_41,.txt,1183,2020/6/8 15:16,graphics,graphics
graphics_42,.txt,1704,2020/6/8 15:16,graphics,graphics
graphics_43,.txt,339,2020/6/8 15:16,graphics,graphics
graphics_44,.txt,2459,2020/6/8 15:16,graphics,graphics
graphics_45,.txt,1078,2020/6/8 15:16,graphics,graphics
graphics_46,.txt,364,2020/6/8 15:16,graphics,graphics
graphics_47,.txt,1570,2020/6/8 15:16,graphics,graphics
graphics_48,.txt,645,2020/6/8 15:16,graphics,graphics
graphics_49,.txt,948,2020/6/8 15:16,graphics,graphics
graphics_5,.txt,500,2020/6/8 15:16,graphics,graphics
graphics_50,.txt,1500,2020/6/8 15:16,graphics,graphics
graphics_51,.txt,380,2020/6/8 15:16,graphics,graphics
graphics_52,.txt,8899,2020/6/8 15:16,graphics,graphics
graphics_53,.txt,675,2020/6/8 15:16,graphics,graphics
graphics_54,.txt,1611,2020/6/8 15:16,graphics,graphics
graphics_55,.txt,2390,2020/6/8 15:16,graphics,graphics
graphics_56,.txt,856,2020/6/8 15:16,graphics,graphics
graphics_57,.txt,615,2020/6/8 15:16,graphics,graphics
graphics_58,.txt,966,2020/6/8 15:16,graphics,graphics
graphics_59,.txt,768,2020/6/8 15:16,graphics,graphics
graphics_6,.txt,1110,2020/6/8 15:16,graphics,graphics
graphics_60,.txt,421,2020/6/8 15:16,graphics,graphics
graphics_61,.txt,420,2020/6/8 15:16,graphics,graphics
graphics_62,.txt,1725,2020/6/8 15:16,graphics,graphics
graphics_63,.txt,1663,2020/6/8 15:16,graphics,graphics
graphics_64,.txt,1310,2020/6/8 15:16,graphics,graphics
graphics_65,.txt,1068,2020/6/8 15:16,graphics,graphics
graphics_66,.txt,2744,2020/6/8 15:16,graphics,graphics
graphics_67,.txt,1112,2020/6/8 15:16,graphics,graphics
graphics_68,.txt,3141,2020/6/8 15:16,graphics,graphics
graphics_69,.txt,1934,2020/6/8 15:16,graphics,graphics
graphics_7,.txt,335,2020/6/8 15:16,graphics,graphics
graphics_70,.txt,1330,2020/6/8 15:16,graphics,graphics
graphics_71,.txt,129,2020/6/8 15:16,graphics,graphics
graphics_72,.txt,1044,2020/6/8 15:16,graphics,graphics
graphics_73,.txt,974,2020/6/8 15:16,graphics,graphics
graphics_74,.txt,55227,2020/6/8 15:16,graphics,graphics
graphics_75,.txt,273,2020/6/8 15:16,graphics,graphics
graphics_76,.txt,608,2020/6/8 15:16,graphics,graphics
graphics_77,.txt,2626,2020/6/8 15:16,graphics,graphics
graphics_78,.txt,1291,2020/6/8 15:16,graphics,graphics
graphics_79,.txt,1864,2020/6/8 15:16,graphics,graphics
graphics_8,.txt,1005,2020/6/8 15:16,graphics,graphics
graphics_80,.txt,1487,2020/6/8 15:16,graphics,graphics
graphics_81,.txt,666,2020/6/8 15:16,graphics,graphics
graphics_82,.txt,2109,2020/6/8 15:16,graphics,graphics
graphics_83,.txt,2642,2020/6/8 15:16,graphics,graphics
graphics_84,.txt,1342,2020/6/8 15:16,graphics,graphics
graphics_85,.txt,4618,2020/6/8 15:16,graphics,graphics
graphics_86,.txt,725,2020/6/8 15:16,graphics,graphics
graphics_87,.txt,1660,2020/6/8 15:16,graphics,graphics
graphics_88,.txt,5340,2020/6/8 15:16,graphics,graphics
graphics_89,.txt,1042,2020/6/8 15:16,graphics,graphics
graphics_9,.txt,1447,2020/6/8 15:16,graphics,graphics
graphics_90,.txt,1145,2020/6/8 15:16,graphics,graphics
graphics_91,.txt,2940,2020/6/8 15:16,graphics,graphics
graphics_92,.txt,839,2020/6/8 15:16,graphics,graphics
graphics_93,.txt,2415,2020/6/8 15:16,graphics,graphics
graphics_94,.txt,575,2020/6/8 15:16,graphics,graphics
graphics_95,.txt,1434,2020/6/8 15:16,graphics,graphics
graphics_96,.txt,153,2020/6/8 15:16,graphics,graphics
graphics_97,.txt,5707,2020/6/8 15:16,graphics,graphics
graphics_98,.txt,1737,2020/6/8 15:16,graphics,graphics
graphics_99,.txt,739,2020/6/8 15:16,graphics,graphics
historical_1,.txt,5809,2020/6/8 15:16,historical,historical
historical_10,.txt,1269,2020/6/8 15:16,historical,historical
historical_100,.txt,5123,2020/6/8 15:16,historical,historical
historical_11,.txt,1045,2020/6/8 15:16,historical,historical
historical_12,.txt,890,2020/6/8 15:16,historical,historical
historical_13,.txt,685,2020/6/8 15:16,historical,historical
historical_14,.txt,1232,2020/6/8 15:16,historical,historical
historical_15,.txt,11879,2020/6/8 15:16,historical,historical
historical_16,.txt,6074,2020/6/8 15:16,historical,historical
historical_17,.txt,896,2020/6/8 15:16,historical,historical
historical_18,.txt,1215,2020/6/8 15:16,historical,historical
historical_19,.txt,851,2020/6/8 15:16,historical,historical
historical_2,.txt,6471,2020/6/8 15:16,historical,historical
historical_20,.txt,518,2020/6/8 15:16,historical,historical
historical_21,.txt,895,2020/6/8 15:16,historical,historical
historical_22,.txt,1110,2020/6/8 15:16,historical,historical
historical_23,.txt,1017,2020/6/8 15:16,historical,historical
historical_24,.txt,665,2020/6/8 15:16,historical,historical
historical_25,.txt,864,2020/6/8 15:16,historical,historical
historical_26,.txt,517,2020/6/8 15:16,historical,historical
historical_27,.txt,963,2020/6/8 15:16,historical,historical
historical_28,.txt,2231,2020/6/8 15:16,historical,historical
historical_29,.txt,7258,2020/6/8 15:16,historical,historical
historical_3,.txt,6787,2020/6/8 15:16,historical,historical
historical_30,.txt,3942,2020/6/8 15:16,historical,historical
historical_31,.txt,2539,2020/6/8 15:16,historical,historical
historical_32,.txt,1763,2020/6/8 15:16,historical,historical
historical_33,.txt,13880,2020/6/8 15:16,historical,historical
historical_34,.txt,10941,2020/6/8 15:16,historical,historical
historical_35,.txt,9779,2020/6/8 15:16,historical,historical
historical_36,.txt,3075,2020/6/8 15:16,historical,historical
historical_37,.txt,6715,2020/6/8 15:16,historical,historical
historical_38,.txt,9158,2020/6/8 15:16,historical,historical
historical_39,.txt,9756,2020/6/8 15:16,historical,historical
historical_4,.txt,7143,2020/6/8 15:16,historical,historical
historical_40,.txt,8047,2020/6/8 15:16,historical,historical
historical_41,.txt,15055,2020/6/8 15:16,historical,historical
historical_42,.txt,15464,2020/6/8 15:16,historical,historical
historical_43,.txt,3757,2020/6/8 15:16,historical,historical
historical_44,.txt,3208,2020/6/8 15:16,historical,historical
historical_45,.txt,2965,2020/6/8 15:16,historical,historical
historical_46,.txt,1978,2020/6/8 15:16,historical,historical
historical_47,.txt,2674,2020/6/8 15:16,historical,historical
historical_48,.txt,4536,2020/6/8 15:16,historical,historical
historical_49,.txt,16896,2020/6/8 15:16,historical,historical
historical_5,.txt,1484,2020/6/8 15:16,historical,historical
historical_50,.txt,13621,2020/6/8 15:16,historical,historical
historical_51,.txt,2647,2020/6/8 15:16,historical,historical
historical_52,.txt,7953,2020/6/8 15:16,historical,historical
historical_53,.txt,6910,2020/6/8 15:16,historical,historical
historical_54,.txt,2764,2020/6/8 15:16,historical,historical
historical_55,.txt,3328,2020/6/8 15:16,historical,historical
historical_56,.txt,1814,2020/6/8 15:16,historical,historical
historical_57,.txt,9944,2020/6/8 15:16,historical,historical
historical_58,.txt,10740,2020/6/8 15:16,historical,historical
historical_59,.txt,1527,2020/6/8 15:16,historical,historical
historical_6,.txt,3695,2020/6/8 15:16,historical,historical
historical_60,.txt,5101,2020/6/8 15:16,historical,historical
historical_61,.txt,7451,2020/6/8 15:16,historical,historical
historical_62,.txt,9115,2020/6/8 15:16,historical,historical
historical_63,.txt,826,2020/6/8 15:16,historical,historical
historical_64,.txt,19456,2020/6/8 15:16,historical,historical
historical_65,.txt,6796,2020/6/8 15:16,historical,historical
historical_66,.txt,3214,2020/6/8 15:16,historical,historical
historical_67,.txt,2071,2020/6/8 15:16,historical,historical
historical_68,.txt,6618,2020/6/8 15:16,historical,historical
historical_69,.txt,1335,2020/6/8 15:16,historical,historical
historical_7,.txt,2082,2020/6/8 15:16,historical,historical
historical_70,.txt,2725,2020/6/8 15:16,historical,historical
historical_71,.txt,5488,2020/6/8 15:16,historical,historical
historical_72,.txt,6517,2020/6/8 15:16,historical,historical
historical_73,.txt,3125,2020/6/8 15:16,historical,historical
historical_74,.txt,8318,2020/6/8 15:16,historical,historical
historical_75,.txt,1048,2020/6/8 15:16,historical,historical
historical_76,.txt,4979,2020/6/8 15:16,historical,historical
historical_77,.txt,7000,2020/6/8 15:16,historical,historical
historical_78,.txt,11334,2020/6/8 15:16,historical,historical
historical_79,.txt,5060,2020/6/8 15:16,historical,historical
historical_8,.txt,935,2020/6/8 15:16,historical,historical
historical_80,.txt,1516,2020/6/8 15:16,historical,historical
historical_81,.txt,7282,2020/6/8 15:16,historical,historical
historical_82,.txt,8079,2020/6/8 15:16,historical,historical
historical_83,.txt,4413,2020/6/8 15:16,historical,historical
historical_84,.txt,893,2020/6/8 15:16,historical,historical
historical_85,.txt,5187,2020/6/8 15:16,historical,historical
historical_86,.txt,11761,2020/6/8 15:16,historical,historical
historical_87,.txt,6381,2020/6/8 15:16,historical,historical
historical_88,.txt,10525,2020/6/8 15:16,historical,historical
historical_89,.txt,6368,2020/6/8 15:16,historical,historical
historical_9,.txt,2422,2020/6/8 15:16,historical,historical
historical_90,.txt,8610,2020/6/8 15:16,historical,historical
historical_91,.txt,13365,2020/6/8 15:16,historical,historical
historical_92,.txt,4448,2020/6/8 15:16,historical,historical
historical_93,.txt,5660,2020/6/8 15:16,historical,historical
historical_94,.txt,4474,2020/6/8 15:16,historical,historical
historical_95,.txt,9365,2020/6/8 15:16,historical,historical
historical_96,.txt,6832,2020/6/8 15:16,historical,historical
historical_97,.txt,1033,2020/6/8 15:16,historical,historical
historical_98,.txt,2984,2020/6/8 15:16,historical,historical
historical_99,.txt,1787,2020/6/8 15:16,historical,historical
medical_1,.txt,1317,2020/6/8 15:16,medical,medical
medical_102,.txt,796,2020/6/8 15:16,medical,medical
medical_103,.txt,923,2020/6/8 15:16,medical,medical
medical_121,.txt,887,2020/6/8 15:16,medical,medical
medical_13,.txt,662,2020/6/8 15:16,medical,medical
medical_134,.txt,638,2020/6/8 15:16,medical,medical
medical_137,.txt,1275,2020/6/8 15:16,medical,medical
medical_145,.txt,872,2020/6/8 15:16,medical,medical
medical_15,.txt,354,2020/6/8 15:16,medical,medical
medical_152,.txt,912,2020/6/8 15:16,medical,medical
medical_157,.txt,389,2020/6/8 15:16,medical,medical
medical_158,.txt,540,2020/6/8 15:16,medical,medical
medical_168,.txt,720,2020/6/8 15:16,medical,medical
medical_176,.txt,1391,2020/6/8 15:16,medical,medical
medical_186,.txt,990,2020/6/8 15:16,medical,medical
medical_188,.txt,367,2020/6/8 15:16,medical,medical
medical_244,.txt,1569,2020/6/8 15:16,medical,medical
medical_246,.txt,1281,2020/6/8 15:16,medical,medical
medical_248,.txt,782,2020/6/8 15:16,medical,medical
medical_250,.txt,1075,2020/6/8 15:16,medical,medical
medical_278,.txt,886,2020/6/8 15:16,medical,medical
medical_285,.txt,1560,2020/6/8 15:16,medical,medical
medical_286,.txt,671,2020/6/8 15:16,medical,medical
medical_289,.txt,2712,2020/6/8 15:16,medical,medical
medical_292,.txt,354,2020/6/8 15:16,medical,medical
medical_294,.txt,968,2020/6/8 15:16,medical,medical
medical_295,.txt,2081,2020/6/8 15:16,medical,medical
medical_300,.txt,964,2020/6/8 15:16,medical,medical
medical_308,.txt,1245,2020/6/8 15:16,medical,medical
medical_314,.txt,1773,2020/6/8 15:16,medical,medical
medical_318,.txt,886,2020/6/8 15:16,medical,medical
medical_319,.txt,1251,2020/6/8 15:16,medical,medical
medical_322,.txt,249,2020/6/8 15:16,medical,medical
medical_327,.txt,1431,2020/6/8 15:16,medical,medical
medical_329,.txt,1874,2020/6/8 15:16,medical,medical
medical_334,.txt,988,2020/6/8 15:16,medical,medical
medical_335,.txt,1221,2020/6/8 15:16,medical,medical
medical_346,.txt,925,2020/6/8 15:16,medical,medical
medical_349,.txt,1496,2020/6/8 15:16,medical,medical
medical_360,.txt,627,2020/6/8 15:16,medical,medical
medical_364,.txt,1153,2020/6/8 15:16,medical,medical
medical_376,.txt,976,2020/6/8 15:16,medical,medical
medical_382,.txt,9333,2020/6/8 15:16,medical,medical
medical_384,.txt,586,2020/6/8 15:16,medical,medical
medical_385,.txt,870,2020/6/8 15:16,medical,medical
medical_40,.txt,893,2020/6/8 15:16,medical,medical
medical_401,.txt,1370,2020/6/8 15:16,medical,medical
medical_406,.txt,5298,2020/6/8 15:16,medical,medical
medical_41,.txt,799,2020/6/8 15:16,medical,medical
medical_413,.txt,1015,2020/6/8 15:16,medical,medical
medical_424,.txt,999,2020/6/8 15:16,medical,medical
medical_425,.txt,1181,2020/6/8 15:16,medical,medical
medical_437,.txt,786,2020/6/8 15:16,medical,medical
medical_438,.txt,2761,2020/6/8 15:16,medical,medical
medical_448,.txt,431,2020/6/8 15:16,medical,medical
medical_449,.txt,1327,2020/6/8 15:16,medical,medical
medical_458,.txt,713,2020/6/8 15:16,medical,medical
medical_466,.txt,1489,2020/6/8 15:16,medical,medical
medical_468,.txt,854,2020/6/8 15:16,medical,medical
medical_485,.txt,28645,2020/6/8 15:16,medical,medical
medical_487,.txt,31952,2020/6/8 15:16,medical,medical
medical_488,.txt,23024,2020/6/8 15:16,medical,medical
medical_499,.txt,1544,2020/6/8 15:16,medical,medical
medical_500,.txt,3165,2020/6/8 15:16,medical,medical
medical_529,.txt,1262,2020/6/8 15:16,medical,medical
medical_531,.txt,652,2020/6/8 15:16,medical,medical
medical_534,.txt,712,2020/6/8 15:16,medical,medical
medical_542,.txt,1678,2020/6/8 15:16,medical,medical
medical_557,.txt,1215,2020/6/8 15:16,medical,medical
medical_559,.txt,197,2020/6/8 15:16,medical,medical
medical_560,.txt,2418,2020/6/8 15:16,medical,medical
medical_564,.txt,2372,2020/6/8 15:16,medical,medical
medical_565,.txt,941,2020/6/8 15:16,medical,medical
medical_572,.txt,839,2020/6/8 15:16,medical,medical
medical_579,.txt,715,2020/6/8 15:16,medical,medical
medical_58,.txt,1011,2020/6/8 15:16,medical,medical
medical_584,.txt,567,2020/6/8 15:16,medical,medical
medical_586,.txt,3715,2020/6/8 15:16,medical,medical
medical_590,.txt,1319,2020/6/8 15:16,medical,medical
medical_597,.txt,2365,2020/6/8 15:16,medical,medical
medical_60,.txt,1722,2020/6/8 15:16,medical,medical
medical_608,.txt,2635,2020/6/8 15:16,medical,medical
medical_610,.txt,442,2020/6/8 15:16,medical,medical
medical_619,.txt,162,2020/6/8 15:16,medical,medical
medical_624,.txt,948,2020/6/8 15:16,medical,medical
medical_625,.txt,696,2020/6/8 15:16,medical,medical
medical_631,.txt,1341,2020/6/8 15:16,medical,medical
medical_642,.txt,852,2020/6/8 15:16,medical,medical
medical_644,.txt,33871,2020/6/8 15:16,medical,medical
medical_645,.txt,31091,2020/6/8 15:16,medical,medical
medical_646,.txt,35422,2020/6/8 15:16,medical,medical
medical_660,.txt,2395,2020/6/8 15:16,medical,medical
medical_67,.txt,1162,2020/6/8 15:16,medical,medical
medical_672,.txt,384,2020/6/8 15:16,medical,medical
medical_677,.txt,590,2020/6/8 15:16,medical,medical
medical_679,.txt,1823,2020/6/8 15:16,medical,medical
medical_691,.txt,2451,2020/6/8 15:16,medical,medical
medical_692,.txt,780,2020/6/8 15:16,medical,medical
medical_694,.txt,6967,2020/6/8 15:16,medical,medical
medical_695,.txt,498,2020/6/8 15:16,medical,medical
politics_1,.txt,2601,2020/6/8 15:16,politics,politics
politics_10,.txt,1177,2020/6/8 15:16,politics,politics
politics_101,.txt,3449,2020/6/8 15:16,politics,politics
politics_111,.txt,5426,2020/6/8 15:16,politics,politics
politics_112,.txt,2171,2020/6/8 15:16,politics,politics
politics_114,.txt,1773,2020/6/8 15:16,politics,politics
politics_117,.txt,1538,2020/6/8 15:16,politics,politics
politics_119,.txt,2798,2020/6/8 15:16,politics,politics
politics_127,.txt,3625,2020/6/8 15:16,politics,politics
politics_128,.txt,3712,2020/6/8 15:16,politics,politics
politics_129,.txt,1378,2020/6/8 15:16,politics,politics
politics_130,.txt,2637,2020/6/8 15:16,politics,politics
politics_131,.txt,2161,2020/6/8 15:16,politics,politics
politics_134,.txt,2638,2020/6/8 15:16,politics,politics
politics_136,.txt,2804,2020/6/8 15:16,politics,politics
politics_137,.txt,3514,2020/6/8 15:16,politics,politics
politics_138,.txt,2474,2020/6/8 15:16,politics,politics
politics_139,.txt,1845,2020/6/8 15:16,politics,politics
politics_142,.txt,3213,2020/6/8 15:16,politics,politics
politics_144,.txt,1227,2020/6/8 15:16,politics,politics
politics_149,.txt,2437,2020/6/8 15:16,politics,politics
politics_15,.txt,1015,2020/6/8 15:16,politics,politics
politics_151,.txt,2712,2020/6/8 15:16,politics,politics
politics_153,.txt,2523,2020/6/8 15:16,politics,politics
politics_154,.txt,2873,2020/6/8 15:16,politics,politics
politics_155,.txt,2693,2020/6/8 15:16,politics,politics
politics_160,.txt,3135,2020/6/8 15:16,politics,politics
politics_168,.txt,3772,2020/6/8 15:16,politics,politics
politics_17,.txt,996,2020/6/8 15:16,politics,politics
politics_172,.txt,2462,2020/6/8 15:16,politics,politics
politics_173,.txt,2496,2020/6/8 15:16,politics,politics
politics_175,.txt,2384,2020/6/8 15:16,politics,politics
politics_180,.txt,3071,2020/6/8 15:16,politics,politics
politics_182,.txt,3388,2020/6/8 15:16,politics,politics
politics_188,.txt,1228,2020/6/8 15:16,politics,politics
politics_189,.txt,3195,2020/6/8 15:16,politics,politics
politics_19,.txt,3708,2020/6/8 15:16,politics,politics
politics_192,.txt,3514,2020/6/8 15:16,politics,politics
politics_193,.txt,3071,2020/6/8 15:16,politics,politics
politics_2,.txt,2326,2020/6/8 15:16,politics,politics
politics_20,.txt,3315,2020/6/8 15:16,politics,politics
politics_201,.txt,1982,2020/6/8 15:16,politics,politics
politics_204,.txt,2602,2020/6/8 15:16,politics,politics
politics_205,.txt,2632,2020/6/8 15:16,politics,politics
politics_208,.txt,1793,2020/6/8 15:16,politics,politics
politics_209,.txt,2114,2020/6/8 15:16,politics,politics
politics_21,.txt,2859,2020/6/8 15:16,politics,politics
politics_210,.txt,3056,2020/6/8 15:16,politics,politics
politics_211,.txt,3145,2020/6/8 15:16,politics,politics
politics_212,.txt,931,2020/6/8 15:16,politics,politics
politics_217,.txt,1685,2020/6/8 15:16,politics,politics
politics_220,.txt,2728,2020/6/8 15:16,politics,politics
politics_221,.txt,2959,2020/6/8 15:16,politics,politics
politics_222,.txt,1879,2020/6/8 15:16,politics,politics
politics_225,.txt,2389,2020/6/8 15:16,politics,politics
politics_226,.txt,1787,2020/6/8 15:16,politics,politics
politics_229,.txt,2920,2020/6/8 15:16,politics,politics
politics_230,.txt,2975,2020/6/8 15:16,politics,politics
politics_231,.txt,2439,2020/6/8 15:16,politics,politics
politics_232,.txt,1933,2020/6/8 15:16,politics,politics
politics_235,.txt,1034,2020/6/8 15:16,politics,politics
politics_236,.txt,963,2020/6/8 15:16,politics,politics
politics_237,.txt,960,2020/6/8 15:16,politics,politics
politics_239,.txt,2484,2020/6/8 15:16,politics,politics
politics_242,.txt,2770,2020/6/8 15:16,politics,politics
politics_247,.txt,1580,2020/6/8 15:16,politics,politics
politics_249,.txt,812,2020/6/8 15:16,politics,politics
politics_250,.txt,6637,2020/6/8 15:16,politics,politics
politics_262,.txt,2895,2020/6/8 15:16,politics,politics
politics_265,.txt,2142,2020/6/8 15:16,politics,politics
politics_266,.txt,1837,2020/6/8 15:16,politics,politics
politics_269,.txt,1046,2020/6/8 15:16,politics,politics
politics_271,.txt,3315,2020/6/8 15:16,politics,politics
politics_272,.txt,3182,2020/6/8 15:16,politics,politics
politics_273,.txt,2476,2020/6/8 15:16,politics,politics
politics_275,.txt,2513,2020/6/8 15:16,politics,politics
politics_277,.txt,1776,2020/6/8 15:16,politics,politics
politics_282,.txt,3433,2020/6/8 15:16,politics,politics
politics_283,.txt,2907,2020/6/8 15:16,politics,politics
politics_287,.txt,1538,2020/6/8 15:16,politics,politics
politics_288,.txt,1940,2020/6/8 15:16,politics,politics
politics_293,.txt,13829,2020/6/8 15:16,politics,politics
politics_294,.txt,1879,2020/6/8 15:16,politics,politics
politics_298,.txt,3011,2020/6/8 15:16,politics,politics
politics_301,.txt,3053,2020/6/8 15:16,politics,politics
politics_303,.txt,3537,2020/6/8 15:16,politics,politics
politics_307,.txt,1791,2020/6/8 15:16,politics,politics
politics_31,.txt,2842,2020/6/8 15:16,politics,politics
politics_313,.txt,2374,2020/6/8 15:16,politics,politics
politics_316,.txt,2526,2020/6/8 15:16,politics,politics
politics_317,.txt,2743,2020/6/8 15:16,politics,politics
politics_319,.txt,2826,2020/6/8 15:16,politics,politics
politics_321,.txt,1685,2020/6/8 15:16,politics,politics
politics_322,.txt,2761,2020/6/8 15:16,politics,politics
politics_325,.txt,1787,2020/6/8 15:16,politics,politics
politics_326,.txt,2450,2020/6/8 15:16,politics,politics
politics_329,.txt,936,2020/6/8 15:16,politics,politics
politics_335,.txt,2344,2020/6/8 15:16,politics,politics
politics_34,.txt,2647,2020/6/8 15:16,politics,politics
politics_357,.txt,2001,2020/6/8 15:16,politics,politics
space_1,.txt,1492,2020/6/8 15:16,politics,politics
space_10,.txt,844,2020/6/8 15:16,politics,politics
space_100,.txt,1534,2020/6/8 15:16,politics,politics
space_11,.txt,12256,2020/6/8 15:16,space,space
space_12,.txt,972,2020/6/8 15:16,space,space
space_13,.txt,1420,2020/6/8 15:16,space,space
space_14,.txt,18112,2020/6/8 15:16,space,space
space_15,.txt,434,2020/6/8 15:16,space,space
space_16,.txt,1380,2020/6/8 15:16,space,space
space_17,.txt,5781,2020/6/8 15:16,space,space
space_18,.txt,393,2020/6/8 15:16,space,space
space_19,.txt,10338,2020/6/8 15:16,space,space
space_2,.txt,531,2020/6/8 15:16,space,space
space_20,.txt,1364,2020/6/8 15:16,space,space
space_21,.txt,426,2020/6/8 15:16,space,space
space_22,.txt,1958,2020/6/8 15:16,space,space
space_23,.txt,218,2020/6/8 15:16,space,space
space_24,.txt,1781,2020/6/8 15:16,space,space
space_25,.txt,823,2020/6/8 15:16,space,space
space_26,.txt,744,2020/6/8 15:16,space,space
space_27,.txt,11868,2020/6/8 15:16,space,space
space_28,.txt,888,2020/6/8 15:16,space,space
space_29,.txt,1059,2020/6/8 15:16,space,space
space_3,.txt,966,2020/6/8 15:16,space,space
space_30,.txt,7364,2020/6/8 15:16,space,space
space_31,.txt,1129,2020/6/8 15:16,space,space
space_32,.txt,1459,2020/6/8 15:16,space,space
space_33,.txt,945,2020/6/8 15:16,space,space
space_34,.txt,269,2020/6/8 15:16,space,space
space_35,.txt,768,2020/6/8 15:16,space,space
space_36,.txt,1335,2020/6/8 15:16,space,space
space_37,.txt,188,2020/6/8 15:16,space,space
space_38,.txt,1061,2020/6/8 15:16,space,space
space_39,.txt,867,2020/6/8 15:16,space,space
space_4,.txt,6795,2020/6/8 15:16,space,space
space_40,.txt,13061,2020/6/8 15:16,space,space
space_41,.txt,1328,2020/6/8 15:16,space,space
space_42,.txt,445,2020/6/8 15:16,space,space
space_43,.txt,1877,2020/6/8 15:16,space,space
space_44,.txt,2564,2020/6/8 15:16,space,space
space_45,.txt,711,2020/6/8 15:16,space,space
space_46,.txt,580,2020/6/8 15:16,space,space
space_47,.txt,315,2020/6/8 15:16,space,space
space_48,.txt,336,2020/6/8 15:16,space,space
space_49,.txt,1019,2020/6/8 15:16,space,space
space_5,.txt,112,2020/6/8 15:16,space,space
space_50,.txt,1301,2020/6/8 15:16,space,space
space_51,.txt,685,2020/6/8 15:16,space,space
space_52,.txt,13691,2020/6/8 15:16,space,space
space_53,.txt,464,2020/6/8 15:16,space,space
space_54,.txt,25719,2020/6/8 15:16,space,space
space_55,.txt,364,2020/6/8 15:16,space,space
space_56,.txt,511,2020/6/8 15:16,space,space
space_57,.txt,565,2020/6/8 15:16,space,space
space_58,.txt,4560,2020/6/8 15:16,space,space
space_59,.txt,500,2020/6/8 15:16,space,space
space_6,.txt,23875,2020/6/8 15:16,space,space
space_60,.txt,684,2020/6/8 15:16,space,space
space_61,.txt,8600,2020/6/8 15:16,space,space
space_62,.txt,527,2020/6/8 15:16,space,space
space_63,.txt,1426,2020/6/8 15:16,space,space
space_64,.txt,1394,2020/6/8 15:16,space,space
space_65,.txt,3939,2020/6/8 15:16,space,space
space_66,.txt,1295,2020/6/8 15:16,space,space
space_67,.txt,1593,2020/6/8 15:16,space,space
space_68,.txt,1242,2020/6/8 15:16,space,space
space_69,.txt,517,2020/6/8 15:16,space,space
space_7,.txt,1191,2020/6/8 15:16,space,space
space_70,.txt,4570,2020/6/8 15:16,space,space
space_71,.txt,624,2020/6/8 15:16,space,space
space_72,.txt,1223,2020/6/8 15:16,space,space
space_73,.txt,12791,2020/6/8 15:16,space,space
space_74,.txt,552,2020/6/8 15:16,space,space
space_75,.txt,1419,2020/6/8 15:16,space,space
space_76,.txt,1219,2020/6/8 15:16,space,space
space_77,.txt,1703,2020/6/8 15:16,space,space
space_78,.txt,3396,2020/6/8 15:16,space,space
space_79,.txt,3320,2020/6/8 15:16,space,space
space_8,.txt,827,2020/6/8 15:16,space,space
space_80,.txt,512,2020/6/8 15:16,space,space
space_81,.txt,1060,2020/6/8 15:16,space,space
space_82,.txt,2130,2020/6/8 15:16,space,space
space_83,.txt,823,2020/6/8 15:16,space,space
space_84,.txt,10312,2020/6/8 15:16,space,space
space_85,.txt,2461,2020/6/8 15:16,space,space
space_86,.txt,1872,2020/6/8 15:16,space,space
space_87,.txt,4254,2020/6/8 15:16,space,space
space_88,.txt,2801,2020/6/8 15:16,space,space
space_89,.txt,1127,2020/6/8 15:16,space,space
space_9,.txt,10767,2020/6/8 15:16,space,space
space_90,.txt,559,2020/6/8 15:16,space,space
space_91,.txt,624,2020/6/8 15:16,space,space
space_92,.txt,595,2020/6/8 15:16,space,space
space_93,.txt,2064,2020/6/8 15:16,space,space
space_94,.txt,19170,2020/6/8 15:16,space,space
space_95,.txt,961,2020/6/8 15:16,space,space
space_96,.txt,388,2020/6/8 15:16,space,space
space_97,.txt,717,2020/6/8 15:16,space,space
space_98,.txt,1470,2020/6/8 15:16,space,space
space_99,.txt,3304,2020/6/8 15:16,space,space
sport_1,.txt,1238,2020/6/8 15:16,sport,sport
sport_10,.txt,1440,2020/6/8 15:16,sport,sport
sport_100,.txt,2039,2020/6/8 15:16,sport,sport
sport_11,.txt,1139,2020/6/8 15:16,sport,sport
sport_12,.txt,1300,2020/6/8 15:16,sport,sport
sport_13,.txt,1857,2020/6/8 15:16,sport,sport
sport_14,.txt,2796,2020/6/8 15:16,sport,sport
sport_15,.txt,882,2020/6/8 15:16,sport,sport
sport_16,.txt,1553,2020/6/8 15:16,sport,sport
sport_17,.txt,1549,2020/6/8 15:16,sport,sport
sport_18,.txt,1462,2020/6/8 15:16,sport,sport
sport_19,.txt,815,2020/6/8 15:16,sport,sport
sport_2,.txt,902,2020/6/8 15:16,sport,sport
sport_20,.txt,1300,2020/6/8 15:16,sport,sport
sport_21,.txt,1564,2020/6/8 15:16,sport,sport
sport_22,.txt,1253,2020/6/8 15:16,sport,sport
sport_23,.txt,2542,2020/6/8 15:16,sport,sport
sport_24,.txt,1005,2020/6/8 15:16,sport,sport
sport_25,.txt,1639,2020/6/8 15:16,sport,sport
sport_26,.txt,940,2020/6/8 15:16,sport,sport
sport_27,.txt,991,2020/6/8 15:16,sport,sport
sport_28,.txt,1811,2020/6/8 15:16,sport,sport
sport_29,.txt,859,2020/6/8 15:16,sport,sport
sport_3,.txt,2045,2020/6/8 15:16,sport,sport
sport_30,.txt,4255,2020/6/8 15:16,sport,sport
sport_31,.txt,840,2020/6/8 15:16,sport,sport
sport_32,.txt,1209,2020/6/8 15:16,sport,sport
sport_33,.txt,1585,2020/6/8 15:16,sport,sport
sport_34,.txt,5104,2020/6/8 15:16,sport,sport
sport_35,.txt,1900,2020/6/8 15:16,sport,sport
sport_36,.txt,1328,2020/6/8 15:16,sport,sport
sport_37,.txt,1635,2020/6/8 15:16,sport,sport
sport_38,.txt,2036,2020/6/8 15:16,sport,sport
sport_39,.txt,1000,2020/6/8 15:16,sport,sport
sport_4,.txt,1125,2020/6/8 15:16,sport,sport
sport_40,.txt,4281,2020/6/8 15:16,sport,sport
sport_41,.txt,1248,2020/6/8 15:16,sport,sport
sport_42,.txt,1289,2020/6/8 15:16,sport,sport
sport_43,.txt,3057,2020/6/8 15:16,sport,sport
sport_44,.txt,1536,2020/6/8 15:16,sport,sport
sport_45,.txt,1838,2020/6/8 15:16,sport,sport
sport_46,.txt,1171,2020/6/8 15:16,sport,sport
sport_47,.txt,1645,2020/6/8 15:16,sport,sport
sport_48,.txt,2620,2020/6/8 15:16,sport,sport
sport_49,.txt,2853,2020/6/8 15:16,sport,sport
sport_5,.txt,939,2020/6/8 15:16,sport,sport
sport_50,.txt,1571,2020/6/8 15:16,sport,sport
sport_51,.txt,1659,2020/6/8 15:16,sport,sport
sport_52,.txt,806,2020/6/8 15:16,sport,sport
sport_53,.txt,929,2020/6/8 15:16,sport,sport
sport_54,.txt,1839,2020/6/8 15:16,sport,sport
sport_55,.txt,1416,2020/6/8 15:16,sport,sport
sport_56,.txt,850,2020/6/8 15:16,sport,sport
sport_57,.txt,4392,2020/6/8 15:16,sport,sport
sport_58,.txt,4982,2020/6/8 15:16,sport,sport
sport_59,.txt,3640,2020/6/8 15:16,sport,sport
sport_6,.txt,811,2020/6/8 15:16,sport,sport
sport_60,.txt,2208,2020/6/8 15:16,sport,sport
sport_61,.txt,3884,2020/6/8 15:16,sport,sport
sport_62,.txt,1406,2020/6/8 15:16,sport,sport
sport_63,.txt,1614,2020/6/8 15:16,sport,sport
sport_64,.txt,1224,2020/6/8 15:16,sport,sport
sport_65,.txt,1567,2020/6/8 15:16,sport,sport
sport_66,.txt,4800,2020/6/8 15:16,sport,sport
sport_67,.txt,984,2020/6/8 15:16,sport,sport
sport_68,.txt,4023,2020/6/8 15:16,sport,sport
sport_69,.txt,4719,2020/6/8 15:16,sport,sport
sport_7,.txt,743,2020/6/8 15:16,sport,sport
sport_70,.txt,3712,2020/6/8 15:16,sport,sport
sport_71,.txt,1185,2020/6/8 15:16,sport,sport
sport_72,.txt,3132,2020/6/8 15:16,sport,sport
sport_73,.txt,1011,2020/6/8 15:16,sport,sport
sport_74,.txt,775,2020/6/8 15:16,sport,sport
sport_75,.txt,2899,2020/6/8 15:16,sport,sport
sport_76,.txt,1298,2020/6/8 15:16,sport,sport
sport_77,.txt,806,2020/6/8 15:16,sport,sport
sport_78,.txt,1001,2020/6/8 15:16,sport,sport
sport_79,.txt,1455,2020/6/8 15:16,sport,sport
sport_8,.txt,1287,2020/6/8 15:16,sport,sport
sport_80,.txt,1312,2020/6/8 15:16,sport,sport
sport_81,.txt,2170,2020/6/8 15:16,sport,sport
sport_82,.txt,2374,2020/6/8 15:16,sport,sport
sport_83,.txt,770,2020/6/8 15:16,sport,sport
sport_84,.txt,806,2020/6/8 15:16,sport,sport
sport_85,.txt,787,2020/6/8 15:16,sport,sport
sport_86,.txt,1027,2020/6/8 15:16,sport,sport
sport_87,.txt,1075,2020/6/8 15:16,sport,sport
sport_88,.txt,2861,2020/6/8 15:16,sport,sport
sport_89,.txt,1702,2020/6/8 15:16,sport,sport
sport_9,.txt,2234,2020/6/8 15:16,sport,sport
sport_90,.txt,1976,2020/6/8 15:16,sport,sport
sport_91,.txt,1852,2020/6/8 15:16,sport,sport
sport_92,.txt,859,2020/6/8 15:16,sport,sport
sport_93,.txt,4191,2020/6/8 15:16,sport,sport
sport_94,.txt,1264,2020/6/8 15:16,sport,sport
sport_95,.txt,3227,2020/6/8 15:16,sport,sport
sport_96,.txt,1455,2020/6/8 15:16,sport,sport
sport_97,.txt,2424,2020/6/8 15:16,sport,sport
sport_98,.txt,784,2020/6/8 15:16,sport,sport
sport_99,.txt,1374,2020/6/8 15:16,sport,sport
technologie_1,.txt,3842,2020/6/8 15:16,technologie,technologie
technologie_10,.txt,2939,2020/6/8 15:16,technologie,technologie
technologie_100,.txt,3897,2020/6/8 15:16,technologie,technologie
technologie_11,.txt,3371,2020/6/8 15:16,technologie,technologie
technologie_12,.txt,1551,2020/6/8 15:16,technologie,technologie
technologie_13,.txt,3524,2020/6/8 15:16,technologie,technologie
technologie_14,.txt,4885,2020/6/8 15:16,technologie,technologie
technologie_15,.txt,1701,2020/6/8 15:16,technologie,technologie
technologie_16,.txt,3964,2020/6/8 15:16,technologie,technologie
technologie_17,.txt,2951,2020/6/8 15:16,technologie,technologie
technologie_18,.txt,2210,2020/6/8 15:16,technologie,technologie
technologie_19,.txt,2876,2020/6/8 15:16,technologie,technologie
technologie_2,.txt,2208,2020/6/8 15:16,technologie,technologie
technologie_20,.txt,2802,2020/6/8 15:16,technologie,technologie
technologie_21,.txt,795,2020/6/8 15:16,technologie,technologie
technologie_22,.txt,1794,2020/6/8 15:16,technologie,technologie
technologie_23,.txt,2342,2020/6/8 15:16,technologie,technologie
technologie_24,.txt,1602,2020/6/8 15:16,technologie,technologie
technologie_25,.txt,1055,2020/6/8 15:16,technologie,technologie
technologie_26,.txt,2659,2020/6/8 15:16,technologie,technologie
technologie_27,.txt,3130,2020/6/8 15:16,technologie,technologie
technologie_28,.txt,1882,2020/6/8 15:16,technologie,technologie
technologie_29,.txt,2260,2020/6/8 15:16,technologie,technologie
technologie_3,.txt,1330,2020/6/8 15:16,technologie,technologie
technologie_30,.txt,441,2020/6/8 15:16,technologie,technologie
technologie_31,.txt,5220,2020/6/8 15:16,technologie,technologie
technologie_32,.txt,5104,2020/6/8 15:16,technologie,technologie
technologie_33,.txt,2095,2020/6/8 15:16,technologie,technologie
technologie_34,.txt,3397,2020/6/8 15:16,technologie,technologie
technologie_35,.txt,1154,2020/6/8 15:16,technologie,technologie
technologie_36,.txt,1330,2020/6/8 15:16,technologie,technologie
technologie_37,.txt,1528,2020/6/8 15:16,technologie,technologie
technologie_38,.txt,3811,2020/6/8 15:16,technologie,technologie
technologie_39,.txt,1300,2020/6/8 15:16,technologie,technologie
technologie_4,.txt,2575,2020/6/8 15:16,technologie,technologie
technologie_40,.txt,3245,2020/6/8 15:16,technologie,technologie
technologie_41,.txt,2881,2020/6/8 15:16,technologie,technologie
technologie_42,.txt,1546,2020/6/8 15:16,technologie,technologie
technologie_43,.txt,2162,2020/6/8 15:16,technologie,technologie
technologie_44,.txt,2131,2020/6/8 15:16,technologie,technologie
technologie_45,.txt,1490,2020/6/8 15:16,technologie,technologie
technologie_46,.txt,1976,2020/6/8 15:16,technologie,technologie
technologie_47,.txt,1835,2020/6/8 15:16,technologie,technologie
technologie_48,.txt,532,2020/6/8 15:16,technologie,technologie
technologie_49,.txt,2801,2020/6/8 15:16,technologie,technologie
technologie_5,.txt,4901,2020/6/8 15:16,technologie,technologie
technologie_50,.txt,2552,2020/6/8 15:16,technologie,technologie
technologie_51,.txt,951,2020/6/8 15:16,technologie,technologie
technologie_52,.txt,2575,2020/6/8 15:16,technologie,technologie
technologie_53,.txt,2598,2020/6/8 15:16,technologie,technologie
technologie_54,.txt,1534,2020/6/8 15:16,technologie,technologie
technologie_55,.txt,641,2020/6/8 15:16,technologie,technologie
technologie_56,.txt,2316,2020/6/8 15:16,technologie,technologie
technologie_57,.txt,507,2020/6/8 15:16,technologie,technologie
technologie_58,.txt,2027,2020/6/8 15:16,technologie,technologie
technologie_59,.txt,3921,2020/6/8 15:16,technologie,technologie
technologie_6,.txt,3931,2020/6/8 15:16,technologie,technologie
technologie_60,.txt,1734,2020/6/8 15:16,technologie,technologie
technologie_61,.txt,6282,2020/6/8 15:16,technologie,technologie
technologie_62,.txt,2482,2020/6/8 15:16,technologie,technologie
technologie_63,.txt,2579,2020/6/8 15:16,technologie,technologie
technologie_64,.txt,3857,2020/6/8 15:16,technologie,technologie
technologie_65,.txt,1946,2020/6/8 15:16,technologie,technologie
technologie_66,.txt,3071,2020/6/8 15:16,technologie,technologie
technologie_67,.txt,3564,2020/6/8 15:16,technologie,technologie
technologie_68,.txt,2380,2020/6/8 15:16,technologie,technologie
technologie_69,.txt,3271,2020/6/8 15:16,technologie,technologie
technologie_7,.txt,1741,2020/6/8 15:16,technologie,technologie
technologie_70,.txt,764,2020/6/8 15:16,technologie,technologie
technologie_71,.txt,2285,2020/6/8 15:16,technologie,technologie
technologie_72,.txt,5398,2020/6/8 15:16,technologie,technologie
technologie_73,.txt,3345,2020/6/8 15:16,technologie,technologie
technologie_74,.txt,6087,2020/6/8 15:16,technologie,technologie
technologie_75,.txt,1678,2020/6/8 15:16,technologie,technologie
technologie_76,.txt,2033,2020/6/8 15:16,technologie,technologie
technologie_77,.txt,3720,2020/6/8 15:16,technologie,technologie
technologie_78,.txt,4895,2020/6/8 15:16,technologie,technologie
technologie_79,.txt,2638,2020/6/8 15:16,technologie,technologie
technologie_8,.txt,1735,2020/6/8 15:16,technologie,technologie
technologie_80,.txt,1732,2020/6/8 15:16,technologie,technologie
technologie_81,.txt,2867,2020/6/8 15:16,technologie,technologie
technologie_82,.txt,2900,2020/6/8 15:16,technologie,technologie
technologie_83,.txt,2893,2020/6/8 15:16,technologie,technologie
technologie_84,.txt,2964,2020/6/8 15:16,technologie,technologie
technologie_85,.txt,2311,2020/6/8 15:16,technologie,technologie
technologie_86,.txt,2937,2020/6/8 15:16,technologie,technologie
technologie_87,.txt,3841,2020/6/8 15:16,technologie,technologie
technologie_88,.txt,2985,2020/6/8 15:16,technologie,technologie
technologie_89,.txt,2188,2020/6/8 15:16,technologie,technologie
technologie_9,.txt,7123,2020/6/8 15:16,technologie,technologie
technologie_90,.txt,1785,2020/6/8 15:16,technologie,technologie
technologie_91,.txt,2226,2020/6/8 15:16,technologie,technologie
technologie_92,.txt,1053,2020/6/8 15:16,technologie,technologie
technologie_93,.txt,4392,2020/6/8 15:16,technologie,technologie
technologie_94,.txt,3959,2020/6/8 15:16,technologie,technologie
technologie_95,.txt,5147,2020/6/8 15:16,technologie,technologie
technologie_96,.txt,1848,2020/6/8 15:16,technologie,technologie
technologie_97,.txt,2779,2020/6/8 15:16,technologie,technologie
technologie_98,.txt,2499,2020/6/8 15:16,technologie,technologie
technologie_99,.txt,4320,2020/6/8 15:16,technologie,technologie
